USE airbnb_database;

-- Users
INSERT INTO users (user_id, first_name, last_name, email, password_hash, phone_number, role) 
VALUES
('10000000-0000-0000-0000-000000000001', 'Emma', 'Watson', 'emmawatson@gmail.com', 'hash1', '+2348012345678', 'guest'),
('10000000-0000-0000-0000-000000000002', 'Liam', 'Brown', 'liambrown@gmail.com', 'hash2', '+2348098765432', 'host'),
('10000000-0000-0000-0000-000000000003', 'Mia', 'Rodriguez', 'miarodriguez@gmail.com', 'hash3', NULL, 'host'),
('10000000-0000-0000-0000-000000000004', 'Charlie', 'Admin', 'charlieadmin@gmail.com', 'hash4', NULL, 'admin'),
('10000000-0000-0000-0000-000000000005', 'Noah', 'Wilson', 'noahwilson@gmail.com', 'hash5', '+2348123456789', 'guest'),
('10000000-0000-0000-0000-000000000006', 'Olivia', 'Davis', 'oliviadavis@gmail.com', 'hash6', NULL, 'guest'),
('10000000-0000-0000-0000-000000000007', 'Ethan', 'Peter', 'ethanpeter@gmail.com', 'hash7', '+2348023456789', 'guest'),
('10000000-0000-0000-0000-000000000008', 'Sophia', 'Martinez', 'sophiamartinez@gmail.com', 'hash8', NULL, 'guest'),
('10000000-0000-0000-0000-000000000009', 'Ava', 'Johnson', 'avajohnson@gmail.com', 'hash9', '+2348076543210', 'guest'),
('10000000-0000-0000-0000-000000000010', 'James', 'King', 'jamesking@gmail.com', 'hash10', '+2348098761234', 'host'),
('10000000-0000-0000-0000-000000000011', 'Isabella', 'Martinez', 'isabellamartinez@gmail.com', 'hash11', NULL, 'guest'),
('10000000-0000-0000-0000-000000000012', 'Michael', 'Lee', 'michaellee@gmail.com', 'hash12', '+2348123098765', 'host'),
('10000000-0000-0000-0000-000000000013', 'Charlotte', 'Davis', 'charlottedavis@gmail.com', 'hash13', NULL, 'admin'),
('10000000-0000-0000-0000-000000000014', 'Benjamin', 'Garcia', 'benjamingarcia@gmail.com', 'hash14', '+2348034567890', 'guest'),
('10000000-0000-0000-0000-000000000015', 'Amelia', 'Hernandez', 'ameliahernandez@gmail.com', 'hash15', NULL, 'guest');

-- Properties (owned by hosts)
INSERT INTO properties (property_id, host_id, name, description, location, pricepernight)
VALUES
('20000000-0000-0000-0000-000000000001', '10000000-0000-0000-0000-000000000002', 'Cozy Cottage', 'A small rural cottage', 'Ibadan, NG', 100.00),
('20000000-0000-0000-0000-000000000002', '10000000-0000-0000-0000-000000000002', 'Beachfront Villa', 'Luxurious villa by the beach', 'Lagos, NG', 250.00),
('20000000-0000-0000-0000-000000000003', '10000000-0000-0000-0000-000000000003', 'City Apartment', 'Modern apartment in city center', 'Abuja, NG', 150.00),
('20000000-0000-0000-0000-000000000004', '10000000-0000-0000-0000-000000000003', 'Suburban House', 'Comfortable family home', 'Kano, NG', 120.00),
('20000000-0000-0000-0000-000000000005', '10000000-0000-0000-0000-000000000010', 'Lakeview Cabin', 'Cabin overlooking a serene lake', 'Jos, NG', 130.00),
('20000000-0000-0000-0000-000000000006', '10000000-0000-0000-0000-000000000012', 'Urban Loft', 'Stylish loft in the city', 'Lagos, NG', 200.00),
('20000000-0000-0000-0000-000000000007', '10000000-0000-0000-0000-000000000012', 'Garden Bungalow', 'Quiet bungalow with a garden', 'Ibadan, NG', 110.00);

-- Bookings (made by guests)
INSERT INTO bookings (booking_id, property_id, user_id, start_date, end_date, total_price, status)
VALUES
('30000000-0000-0000-0000-000000000001', '20000000-0000-0000-0000-000000000001', '10000000-0000-0000-0000-000000000001', '2025-09-20', '2025-09-25', 500.00, 'confirmed'),
('30000000-0000-0000-0000-000000000002', '20000000-0000-0000-0000-000000000002', '10000000-0000-0000-0000-000000000005', '2025-10-01', '2025-10-04', 750.00, 'pending'),
('30000000-0000-0000-0000-000000000003', '20000000-0000-0000-0000-000000000003', '10000000-0000-0000-0000-000000000006', '2025-11-10', '2025-11-15', 750.00, 'confirmed'),
('30000000-0000-0000-0000-000000000004', '20000000-0000-0000-0000-000000000004', '10000000-0000-0000-0000-000000000007', '2025-12-01', '2025-12-05', 480.00, 'canceled'),
('30000000-0000-0000-0000-000000000005', '20000000-0000-0000-0000-000000000005', '10000000-0000-0000-0000-000000000009', '2025-10-10', '2025-10-15', 650.00, 'confirmed'),
('30000000-0000-0000-0000-000000000006', '20000000-0000-0000-0000-000000000006', '10000000-0000-0000-0000-000000000001', '2025-11-05', '2025-11-10', 1000.00, 'pending'),
('30000000-0000-0000-0000-000000000007', '20000000-0000-0000-0000-000000000007', '10000000-0000-0000-0000-000000000011', '2025-12-12', '2025-12-18', 660.00, 'confirmed'),
('30000000-0000-0000-0000-000000000008', '20000000-0000-0000-0000-000000000006', '10000000-0000-0000-0000-000000000009', '2026-01-01', '2026-01-03', 400.00, 'canceled');

-- Additional bookings for testing a query "to find users who have made more than 3 bookings"
INSERT INTO bookings (booking_id, property_id, user_id, start_date, end_date, total_price, status)
VALUES
('30000000-0000-0000-0000-000000000009', '20000000-0000-0000-0000-000000000002', '10000000-0000-0000-0000-00000000001', '2025-09-15', '2025-09-20', 1250.00, 'canceled'),
('30000000-0000-0000-0000-000000000010', '20000000-0000-0000-0000-000000000003', '10000000-0000-0000-0000-00000000001', '2025-10-20', '2025-10-25', 750.00, 'canceled');


-- Payments (one per booking)
INSERT INTO payments (payment_id, booking_id, amount, payment_method) VALUES
('40000000-0000-0000-0000-000000000001', '30000000-0000-0000-0000-000000000001', 500.00, 'credit_card'),
('40000000-0000-0000-0000-000000000002', '30000000-0000-0000-0000-000000000003', 750.00, 'paypal'),
('40000000-0000-0000-0000-000000000003', '30000000-0000-0000-0000-000000000005', 650.00, 'stripe'),
('40000000-0000-0000-0000-000000000004', '30000000-0000-0000-0000-000000000007', 660.00, 'credit_card');


-- Reviews (guest reviews property)
INSERT INTO reviews (review_id, property_id, user_id, rating, comment) VALUES
('50000000-0000-0000-0000-000000000001', '20000000-0000-0000-0000-000000000001', '10000000-0000-0000-0000-000000000001', 5, 'Wonderful stay! Highly recommend.'),
('50000000-0000-0000-0000-000000000002', '20000000-0000-0000-0000-000000000003', '10000000-0000-0000-0000-000000000006', 4, 'Nice apartment in a great location.'),
('50000000-0000-0000-0000-000000000003', '20000000-0000-0000-0000-000000000005', '10000000-0000-0000-0000-000000000009', 4, 'Peaceful spot with beautiful views.'),
('50000000-0000-0000-0000-000000000004', '20000000-0000-0000-0000-000000000007', '10000000-0000-0000-0000-000000000011', 5, 'Loved the garden and quiet neighborhood.');

-- Messages (between users)
INSERT INTO messages (message_id, sender_id, recipient_id, message_body) VALUES
('60000000-0000-0000-0000-000000000001', '10000000-0000-0000-0000-000000000001', '10000000-0000-0000-0000-000000000002', 'Hi! Is the cottage available in October?'),
('60000000-0000-0000-0000-000000000002', '10000000-0000-0000-0000-000000000002', '10000000-0000-0000-0000-000000000001', 'Yes, it is available.'),
('60000000-0000-0000-0000-000000000003', '10000000-0000-0000-0000-000000000005', '10000000-0000-0000-0000-000000000003', 'Can I book the apartment for next week?'),
('60000000-0000-0000-0000-000000000004', '10000000-0000-0000-0000-000000000003', '10000000-0000-0000-0000-000000000005', 'Sure! It’s available.'),
('60000000-0000-0000-0000-000000000005', '10000000-0000-0000-0000-000000000009', '10000000-0000-0000-0000-000000000010', 'Is the Lakeview Cabin pet friendly?'),
('60000000-0000-0000-0000-000000000006', '10000000-0000-0000-0000-000000000010', '10000000-0000-0000-0000-000000000009', 'Yes, pets are welcome!'),
('60000000-0000-0000-0000-000000000007', '10000000-0000-0000-0000-000000000001', '10000000-0000-0000-0000-000000000012', 'Can I book the Urban Loft for New Year’s Eve?'),
('60000000-0000-0000-0000-000000000008', '10000000-0000-0000-0000-000000000012', '10000000-0000-0000-0000-000000000001', 'Yes, it’s available, let me know your details.');